id,seksiId,nama,keterangan,urutan,punyaFieldData,isActive,createdAt,updatedAt
10bc0854-82c8-531e-b551-7ccc6cb80d63,59a53993-6cd4-5f28-8477-0afd365ea739,Kepondokmodernan,,0,false,true,2026-03-29 03:26:07,2026-03-29 03:26:07
4a7b749a-bdcb-5505-acc8-bbf69028de0f,59a53993-6cd4-5f28-8477-0afd365ea739,Dedikasi,,1,false,true,2026-03-29 03:26:07,2026-03-29 03:26:07
9db33a87-2418-5510-9cc7-c2fd85283e86,59a53993-6cd4-5f28-8477-0afd365ea739,Kedermawanan,,2,false,true,2026-03-29 03:26:07,2026-03-29 03:26:07
f3f1ae71-f302-5f2e-bb20-41869f87258a,59a53993-6cd4-5f28-8477-0afd365ea739,Inisiatif,,3,false,true,2026-03-29 03:26:07,2026-03-29 03:26:07
6c4a7127-6510-5237-b2b6-23f7ac40a233,59a53993-6cd4-5f28-8477-0afd365ea739,Komunikasi,,4,false,true,2026-03-29 03:26:07,2026-03-29 03:26:07
57f2af36-df06-5092-a62a-b51027ec5f3d,59a53993-6cd4-5f28-8477-0afd365ea739,Daya Tanggap,,5,false,true,2026-03-29 03:26:07,2026-03-29 03:26:07
2a3ae7bc-3338-5dd4-9da1-d683dea1094e,59a53993-6cd4-5f28-8477-0afd365ea739,Ketaatan,,6,false,true,2026-03-29 03:26:07,2026-03-29 03:26:07
71b56089-0b7e-5f7d-8b0e-1c099bf5366f,59a53993-6cd4-5f28-8477-0afd365ea739,Kepemimpinan,,7,false,true,2026-03-29 03:26:07,2026-03-29 03:26:07
2995a7f8-af5d-5725-89d8-7c0a098ed885,59a53993-6cd4-5f28-8477-0afd365ea739,Motivasi / Kemauan,,8,false,true,2026-03-29 03:26:07,2026-03-29 03:26:07
b4b0d76b-e2ba-5cb7-b279-796ec9a00dde,59a53993-6cd4-5f28-8477-0afd365ea739,Kesehatan,,9,false,true,2026-03-29 03:26:07,2026-03-29 03:26:07
13f25606-076d-558b-b49f-b0e14c8f4213,59a53993-6cd4-5f28-8477-0afd365ea739,Disiplin,,10,false,true,2026-03-29 03:26:07,2026-03-29 03:26:07
5e7a8ca3-cf85-57d9-9d12-9c6aed6a00f7,59a53993-6cd4-5f28-8477-0afd365ea739,Ibadah Sholat Berjama'ah,,11,false,true,2026-03-29 03:26:07,2026-03-29 03:26:07
7fb1fa27-63ce-5174-86f3-cbba58268254,59a53993-6cd4-5f28-8477-0afd365ea739,Ibadah Sholat Sunnah,,12,false,true,2026-03-29 03:26:07,2026-03-29 03:26:07
0c7d9842-9bb5-562e-91d6-8e89a8e46189,59a53993-6cd4-5f28-8477-0afd365ea739,Ibadah Shaum Sunnah,,13,false,true,2026-03-29 03:26:07,2026-03-29 03:26:07
d0aaa4c5-7476-5b4c-9fa0-79a9d4414b6d,59a53993-6cd4-5f28-8477-0afd365ea739,Sopan Santun (Umum),,14,false,true,2026-03-29 03:26:07,2026-03-29 03:26:07
c05d118e-bd33-5050-9323-5ed9daa11fd0,59a53993-6cd4-5f28-8477-0afd365ea739,Adab Bicara,,15,false,true,2026-03-29 03:26:07,2026-03-29 03:26:07
f7e45125-c6b1-5d58-9583-f9ffecfcde10,59a53993-6cd4-5f28-8477-0afd365ea739,Kesegeraan,,16,false,true,2026-03-29 03:26:07,2026-03-29 03:26:07
3fabd72f-0412-5f3a-aa72-5c27d5bf8aaa,30f70fa7-a260-5125-aae5-f4c8b4e02ec4,Kebersihan Badan,,0,false,true,2026-03-29 03:26:07,2026-03-29 03:26:07
b9b7359e-08ee-5713-92ee-697622603428,30f70fa7-a260-5125-aae5-f4c8b4e02ec4,Kebersihan Lemari,,1,false,true,2026-03-29 03:26:07,2026-03-29 03:26:07
1449700e-aa13-5193-a8d8-df260e005cbe,30f70fa7-a260-5125-aae5-f4c8b4e02ec4,Kebersihan Pakaian,,2,false,true,2026-03-29 03:26:07,2026-03-29 03:26:07
03e2c2e6-56e8-5787-8ecc-9260e27fc0d2,30f70fa7-a260-5125-aae5-f4c8b4e02ec4,Kemandirian dan Tanggung Jawab Pakaian (Mencuci Baju),,3,false,true,2026-03-29 03:26:07,2026-03-29 03:26:07
4870ed4d-3f77-54f9-8cea-ae4163d671ab,30f70fa7-a260-5125-aae5-f4c8b4e02ec4,Tanggung Jawab Pakaian (Menjemur dan Mengangkat Pakaian),,4,false,true,2026-03-29 03:26:07,2026-03-29 03:26:07
fe7e672a-8c92-57ef-b7ee-dc7d7a68c8d8,30f70fa7-a260-5125-aae5-f4c8b4e02ec4,Keaktifan dalam Membersihkan Kamar,,5,false,true,2026-03-29 03:26:07,2026-03-29 03:26:07
0f090d40-25a9-55bf-a032-9404e77d8df7,30f70fa7-a260-5125-aae5-f4c8b4e02ec4,Keaktifan dalam Membersihkan Asrama,,6,false,true,2026-03-29 03:26:07,2026-03-29 03:26:07
589bb4f8-d957-5b13-8461-c037dd1a21c3,30f70fa7-a260-5125-aae5-f4c8b4e02ec4,Keaktifan dalam Membersihkan Area Pondok yang Ditugaskan,,7,false,true,2026-03-29 03:26:07,2026-03-29 03:26:07
ebbd4039-d174-557f-a2fe-538bac3d57e2,f408814c-5daa-5751-af70-6ff5200772da,Kelancaran Membaca (Makhroj),,0,false,true,2026-03-29 03:26:07,2026-03-29 03:26:07
eeab505c-ef95-54e3-a37f-046c58a8ef4d,f408814c-5daa-5751-af70-6ff5200772da,Kebenaran Membaca (Tajwid),,1,false,true,2026-03-29 03:26:07,2026-03-29 03:26:07
56a3064e-0295-59cc-8d3b-6dbe4917b996,f408814c-5daa-5751-af70-6ff5200772da,Kelancaran Membaca,,2,false,true,2026-03-29 03:26:07,2026-03-29 03:26:07
5a383692-54cb-5907-9e41-89b3e19ea44c,f408814c-5daa-5751-af70-6ff5200772da,Juz Terakhir yang Dibaca (Rentang Waktu 1 Tahun),,3,true,true,2026-03-29 03:26:07,2026-03-29 03:26:07
f24d419e-37ec-54db-9164-ef6f1a18bdb7,f408814c-5daa-5751-af70-6ff5200772da,Target Hafalan Harian (Hafal Sesuai Target Kelas),,4,false,true,2026-03-29 03:26:07,2026-03-29 03:26:07
b07b88e4-5f85-5392-864f-7d9c4c1c6f33,f408814c-5daa-5751-af70-6ff5200772da,Keaktifan dalam Halaqah (Setoran Hafalan),,5,false,true,2026-03-29 03:26:07,2026-03-29 03:26:07
de24b546-cd95-5216-893c-451051db7edc,f408814c-5daa-5751-af70-6ff5200772da,Adab Terhadap Al-Quran (Menjaga Al-Quran Secara Fisik),,6,false,true,2026-03-29 03:26:07,2026-03-29 03:26:07
f9e0b154-25c3-5718-abc4-5ee0063eaa24,6b3a2a91-16bc-5437-863e-4f74c16209ca,Batas Akhir/Tertinggi Hafalan (Surat),,0,true,true,2026-03-29 03:26:07,2026-03-29 03:26:07
f69e72ba-0e58-5975-88c4-c60bd79214d8,6b3a2a91-16bc-5437-863e-4f74c16209ca,Batas Akhir/Tertinggi Hafalan (Juz),,1,true,true,2026-03-29 03:26:07,2026-03-29 03:26:07
42fba836-9256-5686-84cb-4ba59a89f151,6b3a2a91-16bc-5437-863e-4f74c16209ca,Jumlah Keseluruhan Hafalan yang Disetorkan (Juz),,2,true,true,2026-03-29 03:26:07,2026-03-29 03:26:07
f80c1d8b-f5a8-564c-ad79-00bef84e359e,6b3a2a91-16bc-5437-863e-4f74c16209ca,Kelancaran dan Kualitas Hafalan,,3,false,true,2026-03-29 03:26:07,2026-03-29 03:26:07
e7056a1a-0da5-5311-876f-499a5a84fdd2,6b3a2a91-16bc-5437-863e-4f74c16209ca,Motivasi Menghafal Al-Quran,,4,false,true,2026-03-29 03:26:07,2026-03-29 03:26:07
3defa8fd-0e4d-5837-b99e-23f8846db6b7,6b3a2a91-16bc-5437-863e-4f74c16209ca,Hasil Ujian Semester: Hafalan Al-Quran,,5,true,true,2026-03-29 03:26:07,2026-03-29 03:26:07
f4f7afcb-7576-57c4-b75e-fbf26e02347b,abd23036-4626-5aaa-b1f1-f9c16df1526d,Kehadiran dan Keaktifan pada Muhadatsah,,0,false,true,2026-03-29 03:26:07,2026-03-29 03:26:07
9e81ea79-0d12-5190-8328-4cfa2bd66bfe,abd23036-4626-5aaa-b1f1-f9c16df1526d,Kualitas Qiro'ah (Bacaan),,1,false,true,2026-03-29 03:26:07,2026-03-29 03:26:07
8cae37f2-bed4-5734-b454-447591ef3bee,abd23036-4626-5aaa-b1f1-f9c16df1526d,Disiplin Berbahasa Arab (Berbicara),,2,false,true,2026-03-29 03:26:07,2026-03-29 03:26:07
c98752b2-2585-5f7f-8e63-01dcde6d5585,abd23036-4626-5aaa-b1f1-f9c16df1526d,Motivasi Berbahasa Arab,,3,false,true,2026-03-29 03:26:07,2026-03-29 03:26:07
a64b7701-9506-5262-9379-e6d000ffb653,abd23036-4626-5aaa-b1f1-f9c16df1526d,Jumlah Target Hafalan Mufrodat Harian,,4,true,true,2026-03-29 03:26:07,2026-03-29 03:26:07
bc35b848-623f-5139-80e2-38d22fbddf80,abd23036-4626-5aaa-b1f1-f9c16df1526d,Jumlah Kelengkapan Tulisan Mufrodat,,5,true,true,2026-03-29 03:26:07,2026-03-29 03:26:07
c05d9551-b6e1-5768-9b8f-a2fab8f71524,abd23036-4626-5aaa-b1f1-f9c16df1526d,Hasil Ujian Semester: Bahasa Arab,,6,false,true,2026-03-29 03:26:07,2026-03-29 03:26:07
2257c65c-097b-53c0-b239-e6b42db8f124,e381e478-30c1-5532-984f-6206aa85900d,Kehadiran dan Keaktifan pada Conversation,,0,false,true,2026-03-29 03:26:07,2026-03-29 03:26:07
e42f669b-9525-5e42-aede-2a0aada4fdd9,e381e478-30c1-5532-984f-6206aa85900d,Kualitas Reading (Bacaan),,1,false,true,2026-03-29 03:26:07,2026-03-29 03:26:07
49717fc3-f834-5b56-9599-56dde8927dc1,e381e478-30c1-5532-984f-6206aa85900d,Disiplin Berbahasa Inggris (Berbicara),,2,false,true,2026-03-29 03:26:07,2026-03-29 03:26:07
15d6fca9-529b-50dc-bd91-6901208cc55c,e381e478-30c1-5532-984f-6206aa85900d,Motivasi Berbahasa Inggris,,3,false,true,2026-03-29 03:26:07,2026-03-29 03:26:07
35b5fc7a-eeee-59c3-9e80-c9b31b0b2911,e381e478-30c1-5532-984f-6206aa85900d,Jumlah Target Hafalan Vocabulary Harian,,4,true,true,2026-03-29 03:26:07,2026-03-29 03:26:07
6c097b5f-0bf7-5cf4-a05c-622dc4af7b46,e381e478-30c1-5532-984f-6206aa85900d,Jumlah Kelengkapan Tulisan Vocabulary,,5,true,true,2026-03-29 03:26:07,2026-03-29 03:26:07
5866382d-5293-5fec-ab97-957ad1ed1faf,e381e478-30c1-5532-984f-6206aa85900d,Hasil Ujian Semester: Bahasa Inggris,,6,false,true,2026-03-29 03:26:07,2026-03-29 03:26:07
abcea758-0a6d-5513-ab31-ab701a707976,48393104-dbd0-5d8c-9a2a-31c9ecf16476,Kehadiran,,0,false,true,2026-03-29 03:26:07,2026-03-29 03:26:07
c27c011c-9411-5661-8454-e90ae7b92558,48393104-dbd0-5d8c-9a2a-31c9ecf16476,Keaktifan,,1,false,true,2026-03-29 03:26:07,2026-03-29 03:26:07
dcac0680-6e32-5e39-ad36-4eb61e6efa0a,48393104-dbd0-5d8c-9a2a-31c9ecf16476,Kecakapan Dasar dan Pengetahuan Kepramukaan,,2,false,true,2026-03-29 03:26:07,2026-03-29 03:26:07
22d0564d-7a94-531d-9dd7-5397e5b6d5f3,48393104-dbd0-5d8c-9a2a-31c9ecf16476,Keterampilan Pramuka,,3,false,true,2026-03-29 03:26:07,2026-03-29 03:26:07
738141ce-d8d4-5eda-85dd-8510c5ea3965,48393104-dbd0-5d8c-9a2a-31c9ecf16476,Kontribusi Pembuatan Pionering Mingguan,,4,false,true,2026-03-29 03:26:07,2026-03-29 03:26:07
490bf2db-82c0-5dd3-89af-fabe6a1c05b3,48393104-dbd0-5d8c-9a2a-31c9ecf16476,Motivasi dan Kesemangatan Pramuka,,5,false,true,2026-03-29 03:26:07,2026-03-29 03:26:07
00635d4f-6abc-5e88-9791-c0807a00c1db,469d8d72-0cf7-5f76-8969-f741b2cd8e1e,Kehadiran,,0,false,true,2026-03-29 03:26:07,2026-03-29 03:26:07
7a872ff6-7618-5919-8905-0140333cf479,469d8d72-0cf7-5f76-8969-f741b2cd8e1e,Keaktifan,,1,false,true,2026-03-29 03:26:07,2026-03-29 03:26:07
c5d7c5ae-9443-5ebf-b57d-12da813454c9,469d8d72-0cf7-5f76-8969-f741b2cd8e1e,"Keberanian, Cara, Gaya dan Seni Penyampaian",,2,false,true,2026-03-29 03:26:07,2026-03-29 03:26:07
8898147a-8856-5b5f-b4be-518e001b0bed,469d8d72-0cf7-5f76-8969-f741b2cd8e1e,Isi Pembicaraan dan Kecakapan Pidato Bahasa Indonesia,,3,false,true,2026-03-29 03:26:07,2026-03-29 03:26:07
fea31069-9444-5d94-8723-791e71f869c0,469d8d72-0cf7-5f76-8969-f741b2cd8e1e,Isi Pembicaraan dan Kecakapan Pidato Bahasa Arab,,4,false,true,2026-03-29 03:26:07,2026-03-29 03:26:07
d2103f66-526f-5b09-a8e1-f311e1b8843b,469d8d72-0cf7-5f76-8969-f741b2cd8e1e,Isi Pembicaraan dan Kecakapan Pidato Bahasa Inggris,,5,false,true,2026-03-29 03:26:07,2026-03-29 03:26:07
51001204-fecc-56d8-b881-5c7d6b5c9d2f,469d8d72-0cf7-5f76-8969-f741b2cd8e1e,Hasil Ujian Semester: Hafalan Naskah Wajib,,6,false,true,2026-03-29 03:26:07,2026-03-29 03:26:07
72546cb3-f99a-5604-9407-e2401c5a7507,6264acff-1e06-5c6d-8cde-5768584232df,Jam'iatul Hufadz (JMH) – Klub Penghafal Al Quran,,0,false,true,2026-03-29 03:26:07,2026-03-29 03:26:07
50b3395a-7c0e-5970-be0e-ab4f1df65a9c,6264acff-1e06-5c6d-8cde-5768584232df,Jam'iatul Khutoba (JMK) – Klub Penceramah/Latihan Pidato,,1,false,true,2026-03-29 03:26:07,2026-03-29 03:26:07
d9b7762c-9363-5f86-aea2-49c91cb19f8c,6264acff-1e06-5c6d-8cde-5768584232df,Jam'iatul Qori-ul-Qur'an (JMQ) – Klub Pembaca Al Qur'an,,2,false,true,2026-03-29 03:26:07,2026-03-29 03:26:07
f46ae7b1-6032-5914-861d-dd7aafa70170,6264acff-1e06-5c6d-8cde-5768584232df,Majestic Musica Darussalam (MMD) – Marching Band,,3,false,true,2026-03-29 03:26:07,2026-03-29 03:26:07
18a2318a-5a9d-55a0-8ab7-410d61aed667,6264acff-1e06-5c6d-8cde-5768584232df,Persatuan Bela Diri Darussalam (PERBEDA) – Bela Diri,,4,false,true,2026-03-29 03:26:07,2026-03-29 03:26:07
7faa78b6-f060-595e-af14-4a80a3d5b666,6264acff-1e06-5c6d-8cde-5768584232df,Seni Hadroh Darussalam (Senada) – Seni Hadroh/Marawis,,5,false,true,2026-03-29 03:26:07,2026-03-29 03:26:07
5478aa46-a372-5f9e-af9d-cf6ed00f3c35,6264acff-1e06-5c6d-8cde-5768584232df,Seraphic Musica Darussalam (SEMUDA) – Klub Musik Putri,,6,false,true,2026-03-29 03:26:07,2026-03-29 03:26:07
1b2de3ba-67c9-58d6-8da2-c483f485c71f,6264acff-1e06-5c6d-8cde-5768584232df,Hydroponic Greenhouse – Penyemaian dan Perkebunan Sayur,,7,false,true,2026-03-29 03:26:07,2026-03-29 03:26:07
a93201da-0c2d-5c96-8b12-513d373de697,6264acff-1e06-5c6d-8cde-5768584232df,Komando Pasukan Pramuka Darussalam / Satuan Khusus Pramuka,,8,false,true,2026-03-29 03:26:07,2026-03-29 03:26:07
30bfab2b-c5c9-51da-92d5-5bfe676b5953,6264acff-1e06-5c6d-8cde-5768584232df,Klub Futsal/Bola El Hammas FC / Meteor FC,,9,false,true,2026-03-29 03:26:07,2026-03-29 03:26:07
927bc838-5c3f-53ee-9918-fd9776a0506e,6264acff-1e06-5c6d-8cde-5768584232df,Klub Lainnya (1),,10,true,true,2026-03-29 03:26:07,2026-03-29 03:26:07
c8d57588-7850-5b29-9155-435f330834f9,6264acff-1e06-5c6d-8cde-5768584232df,Klub Lainnya (2),,11,true,true,2026-03-29 03:26:07,2026-03-29 03:26:07
ff5df2f7-a4d6-5943-9f9c-21b718a47747,b40874e0-aea7-5cbf-9b6b-10c0b0cf09db,OPPD,,0,true,true,2026-03-29 03:26:07,2026-03-29 03:26:07
c3287d86-3bfa-5955-845a-ee5af5c156c4,b40874e0-aea7-5cbf-9b6b-10c0b0cf09db,KOPASPRADM/SAKURA,,1,true,true,2026-03-29 03:26:07,2026-03-29 03:26:07
1e639505-0c21-520e-834a-3da4d892df48,b40874e0-aea7-5cbf-9b6b-10c0b0cf09db,JMQ / JMH / JMK,,2,true,true,2026-03-29 03:26:07,2026-03-29 03:26:07
33ce7ef2-f550-57f1-8662-7d5bf7c25157,b40874e0-aea7-5cbf-9b6b-10c0b0cf09db,MMD,,3,true,true,2026-03-29 03:26:07,2026-03-29 03:26:07
e9b12f7a-1902-5d0b-8938-41834e07a88f,b40874e0-aea7-5cbf-9b6b-10c0b0cf09db,EL HAMMAS/METEOR/KLUB OLAHRAGA LAIN,,4,true,true,2026-03-29 03:26:07,2026-03-29 03:26:07
dc9356f7-54dc-512e-89f9-60ad330a1f06,b40874e0-aea7-5cbf-9b6b-10c0b0cf09db,PORSENI/PORSADA,,5,true,true,2026-03-29 03:26:07,2026-03-29 03:26:07
f78cf4e9-a191-50ba-b0a5-7f0b92a6c60a,b40874e0-aea7-5cbf-9b6b-10c0b0cf09db,KHUTHBATU-L'ARSY,,6,true,true,2026-03-29 03:26:07,2026-03-29 03:26:07
08b9d05c-f64d-5517-b669-5bd99a8a23df,b40874e0-aea7-5cbf-9b6b-10c0b0cf09db,ASDA,,7,true,true,2026-03-29 03:26:07,2026-03-29 03:26:07
eb836f8b-0de5-5d25-95a6-533d2b2d0350,b40874e0-aea7-5cbf-9b6b-10c0b0cf09db,PERKAJUM,,8,true,true,2026-03-29 03:26:07,2026-03-29 03:26:07
33641dde-96c9-5322-8854-66e2a3cc3f12,b40874e0-aea7-5cbf-9b6b-10c0b0cf09db,FOLKSONG,,9,true,true,2026-03-29 03:26:07,2026-03-29 03:26:07
33cf9dbf-1ca0-585b-8891-299247f7f698,b40874e0-aea7-5cbf-9b6b-10c0b0cf09db,DRAMA CONTEST,,10,true,true,2026-03-29 03:26:07,2026-03-29 03:26:07
1d8dbc0d-2e6b-5390-b5b5-5736ba803b4f,b40874e0-aea7-5cbf-9b6b-10c0b0cf09db,PUBLIC SPEAKING CONTEST,,11,true,true,2026-03-29 03:26:07,2026-03-29 03:26:07
27f6dcb2-8501-5c56-a7a0-add4f1a727f4,b40874e0-aea7-5cbf-9b6b-10c0b0cf09db,MILAD 15 TAHUN,,12,true,true,2026-03-29 03:26:07,2026-03-29 03:26:07
4e954e9f-912b-5c2e-b43c-17edfd7a7cc7,b40874e0-aea7-5cbf-9b6b-10c0b0cf09db,GEBYAR RAMADAN,,13,true,true,2026-03-29 03:26:07,2026-03-29 03:26:07
1e7442f9-3967-5c24-9865-9a8d3d3d9e4e,b40874e0-aea7-5cbf-9b6b-10c0b0cf09db,PERTEMUAN WALISANTRI BULANAN,,14,true,true,2026-03-29 03:26:07,2026-03-29 03:26:07
89e55393-1fb6-5b11-9766-f4d985574acf,b40874e0-aea7-5cbf-9b6b-10c0b0cf09db,MISS SKILL,,15,true,true,2026-03-29 03:26:07,2026-03-29 03:26:07
3282dcff-5b11-52a1-86b0-9845032e219b,b40874e0-aea7-5cbf-9b6b-10c0b0cf09db,MISS LANGUAGE,,16,true,true,2026-03-29 03:26:07,2026-03-29 03:26:07
a7590626-d43c-5601-bd4d-62c9fdcc6ae8,b40874e0-aea7-5cbf-9b6b-10c0b0cf09db,QUEEN OF QUEEN,,17,true,true,2026-03-29 03:26:07,2026-03-29 03:26:07
78b166ba-985b-576f-922a-5e5558b4f466,b40874e0-aea7-5cbf-9b6b-10c0b0cf09db,MISS SCOUT,,18,true,true,2026-03-29 03:26:07,2026-03-29 03:26:07
fc4110b4-61cd-573e-968a-9d23ad3900f7,b40874e0-aea7-5cbf-9b6b-10c0b0cf09db,LAIN-LAIN (1),,19,true,true,2026-03-29 03:26:07,2026-03-29 03:26:07
dbba3af0-1ec9-54f7-96f3-ebe2ab314a5c,b40874e0-aea7-5cbf-9b6b-10c0b0cf09db,LAIN-LAIN (2),,20,true,true,2026-03-29 03:26:07,2026-03-29 03:26:07
b4bfbb91-7bdf-582b-a865-5642d76147f5,90ec2630-5b14-50fb-86b9-39c88a9285bd,PORSENI/PORSADA,,0,true,true,2026-03-29 03:26:07,2026-03-29 03:26:07
62632215-1025-5415-9ace-381d80ab361e,90ec2630-5b14-50fb-86b9-39c88a9285bd,PERKAJUM,,1,true,true,2026-03-29 03:26:07,2026-03-29 03:26:07
540fa0f3-fa8a-5265-b9ad-794a592834a1,90ec2630-5b14-50fb-86b9-39c88a9285bd,FOLKSONG,,2,true,true,2026-03-29 03:26:07,2026-03-29 03:26:07
1b396321-3ad0-5082-b2b6-1cf602b05f65,90ec2630-5b14-50fb-86b9-39c88a9285bd,DRAMA CONTEST,,3,true,true,2026-03-29 03:26:07,2026-03-29 03:26:07
6892c922-cf30-5f74-9dc9-5abec926ef5c,90ec2630-5b14-50fb-86b9-39c88a9285bd,PUBLIC SPEAKING CONTEST,,4,true,true,2026-03-29 03:26:07,2026-03-29 03:26:07
3843bc6c-c170-5b13-9cfc-c44e1d95ad41,90ec2630-5b14-50fb-86b9-39c88a9285bd,MISS SKILL,,5,true,true,2026-03-29 03:26:07,2026-03-29 03:26:07
98b63ec3-e619-5b36-a166-c9a6bec29240,90ec2630-5b14-50fb-86b9-39c88a9285bd,MISS LANGUAGE,,6,true,true,2026-03-29 03:26:07,2026-03-29 03:26:07
bfc81b2d-5473-5673-8430-1d1d6dbd5814,90ec2630-5b14-50fb-86b9-39c88a9285bd,QUEEN OF QUEEN,,7,true,true,2026-03-29 03:26:07,2026-03-29 03:26:07
f8252f5a-e648-5ace-8f0b-5ef510176fd0,90ec2630-5b14-50fb-86b9-39c88a9285bd,MISS SCOUT,,8,true,true,2026-03-29 03:26:07,2026-03-29 03:26:07
b026d90f-7956-5e8d-ba16-1ba0167e92f4,90ec2630-5b14-50fb-86b9-39c88a9285bd,LAIN-LAIN (1),,9,true,true,2026-03-29 03:26:07,2026-03-29 03:26:07
d8befa7e-006e-5f81-85ca-5ff1e3b1dd9c,90ec2630-5b14-50fb-86b9-39c88a9285bd,LAIN-LAIN (2),,10,true,true,2026-03-29 03:26:07,2026-03-29 03:26:07
99676f48-6b6d-5ea3-ae16-40204544c952,5e7fbbaf-31d8-58cb-b329-8e41e58d45fc,Pelanggaran Ringan 1,,0,true,true,2026-03-29 03:26:07,2026-03-29 03:26:07
4b358994-248d-51a3-87e3-6e2df784cb8a,5e7fbbaf-31d8-58cb-b329-8e41e58d45fc,Pelanggaran Ringan 2,,1,true,true,2026-03-29 03:26:07,2026-03-29 03:26:07
8c895e63-4491-5fd4-8746-3c0a25297240,5e7fbbaf-31d8-58cb-b329-8e41e58d45fc,Pelanggaran Ringan 3,,2,true,true,2026-03-29 03:26:07,2026-03-29 03:26:07
0a253e1d-6730-5c44-b290-6a52715fe84e,5e7fbbaf-31d8-58cb-b329-8e41e58d45fc,Pelanggaran Ringan 4,,3,true,true,2026-03-29 03:26:07,2026-03-29 03:26:07
35b85ddd-8a74-506c-a48d-a802fb63d9f7,5e7fbbaf-31d8-58cb-b329-8e41e58d45fc,Pelanggaran Ringan 5,,4,true,true,2026-03-29 03:26:07,2026-03-29 03:26:07
3c7a4eaa-4095-5e00-9c72-206d30bffbbb,5e7fbbaf-31d8-58cb-b329-8e41e58d45fc,Pelanggaran Ringan 6,,5,true,true,2026-03-29 03:26:07,2026-03-29 03:26:07
4dd5f429-4a03-5066-a7a6-4d13e6ed0af9,5e7fbbaf-31d8-58cb-b329-8e41e58d45fc,Pelanggaran Ringan 7,,6,true,true,2026-03-29 03:26:07,2026-03-29 03:26:07
ab038222-0af4-53d7-8aaa-a4d587e00b1c,5e7fbbaf-31d8-58cb-b329-8e41e58d45fc,Pelanggaran Ringan 8,,7,true,true,2026-03-29 03:26:07,2026-03-29 03:26:07
213c44a5-043d-54cb-97a0-95c2df896d6f,c758d629-b75b-5257-8b28-91245ed89c71,Pelanggaran Sedang 1,,0,true,true,2026-03-29 03:26:07,2026-03-29 03:26:07
ec006eac-5a5d-5ff3-8e1c-0310b097b410,c758d629-b75b-5257-8b28-91245ed89c71,Pelanggaran Sedang 2,,1,true,true,2026-03-29 03:26:07,2026-03-29 03:26:07
3d6567bf-0111-523f-be0c-1741ccb95858,c758d629-b75b-5257-8b28-91245ed89c71,Pelanggaran Sedang 3,,2,true,true,2026-03-29 03:26:07,2026-03-29 03:26:07
6b736ed2-5ada-5dbf-800f-9e06451ba331,c758d629-b75b-5257-8b28-91245ed89c71,Pelanggaran Sedang 4,,3,true,true,2026-03-29 03:26:07,2026-03-29 03:26:07
d2b6478a-3889-5a0a-9317-4f9f01449dbb,c758d629-b75b-5257-8b28-91245ed89c71,Pelanggaran Sedang 5,,4,true,true,2026-03-29 03:26:07,2026-03-29 03:26:07
ddc032e0-818e-541d-a336-e7130cafe8c9,c758d629-b75b-5257-8b28-91245ed89c71,Pelanggaran Sedang 6,,5,true,true,2026-03-29 03:26:07,2026-03-29 03:26:07
ee2f512e-c540-575a-b51f-b7a06d70677b,c758d629-b75b-5257-8b28-91245ed89c71,Pelanggaran Sedang 7,,6,true,true,2026-03-29 03:26:07,2026-03-29 03:26:07
23955afd-d1aa-5d0d-a08d-1519e01608ef,c758d629-b75b-5257-8b28-91245ed89c71,Pelanggaran Sedang 8,,7,true,true,2026-03-29 03:26:07,2026-03-29 03:26:07
19ebd7ba-9f81-5771-9653-e88d5896c490,c758d629-b75b-5257-8b28-91245ed89c71,Pelanggaran Sedang 9,,8,true,true,2026-03-29 03:26:07,2026-03-29 03:26:07
97f6f0c4-38e8-58d8-bbad-0f3d4611c614,c758d629-b75b-5257-8b28-91245ed89c71,Pelanggaran Sedang 10,,9,true,true,2026-03-29 03:26:07,2026-03-29 03:26:07
bc7e6725-0af6-5e72-adfa-4666d8a9bb5a,1d921692-667f-5a48-8e04-74cc18bf3ce0,Pelanggaran Berat 1,,0,true,true,2026-03-29 03:26:07,2026-03-29 03:26:07
ec3ab862-d86c-578d-8e81-459da3e1fb53,1d921692-667f-5a48-8e04-74cc18bf3ce0,Pelanggaran Berat 2,,1,true,true,2026-03-29 03:26:07,2026-03-29 03:26:07
55e1ce03-9455-5277-84e0-9ab3dd9e21e2,1d921692-667f-5a48-8e04-74cc18bf3ce0,Pelanggaran Berat 3,,2,true,true,2026-03-29 03:26:07,2026-03-29 03:26:07
f8157b12-04ea-51f4-852b-64c50e8ce5de,1d921692-667f-5a48-8e04-74cc18bf3ce0,Pelanggaran Berat 4,,3,true,true,2026-03-29 03:26:07,2026-03-29 03:26:07
e5a4ef08-8e6a-5228-bbbb-f7350b1f0315,1d921692-667f-5a48-8e04-74cc18bf3ce0,Pelanggaran Berat 5,,4,true,true,2026-03-29 03:26:07,2026-03-29 03:26:07
722f374c-ae6c-5968-a9ec-dbd3802823ce,1d921692-667f-5a48-8e04-74cc18bf3ce0,Pelanggaran Berat 6,,5,true,true,2026-03-29 03:26:07,2026-03-29 03:26:07
8796bea3-0b41-5a53-8046-6111d7a907ae,1d921692-667f-5a48-8e04-74cc18bf3ce0,Pelanggaran Berat 7,,6,true,true,2026-03-29 03:26:07,2026-03-29 03:26:07
9ccd8f66-000c-52be-b73c-c3f117e620a8,1d921692-667f-5a48-8e04-74cc18bf3ce0,Pelanggaran Berat 8,,7,true,true,2026-03-29 03:26:07,2026-03-29 03:26:07
abadcf90-2722-500c-8082-d9003c40f587,1d921692-667f-5a48-8e04-74cc18bf3ce0,Pelanggaran Berat 9,,8,true,true,2026-03-29 03:26:07,2026-03-29 03:26:07
f6b1f896-c743-568b-a0a6-301c82a8e6c3,1d921692-667f-5a48-8e04-74cc18bf3ce0,Pelanggaran Berat 10,,9,true,true,2026-03-29 03:26:07,2026-03-29 03:26:07
ca4ebb86-d9c6-5685-a789-a871a09a6cea,566ce5ef-e393-5648-810a-82c6c891f58b,Pelanggaran Ringan,,0,true,true,2026-03-29 03:26:07,2026-03-29 03:26:07
c46bddb4-7393-5640-84b0-3b41cc777737,566ce5ef-e393-5648-810a-82c6c891f58b,Pelanggaran Sedang,,1,true,true,2026-03-29 03:26:07,2026-03-29 03:26:07
98a02abf-cbe4-594b-a4bb-f53da5021ac8,566ce5ef-e393-5648-810a-82c6c891f58b,Pelanggaran Berat,,2,true,true,2026-03-29 03:26:07,2026-03-29 03:26:07
d22f8316-fefb-58a5-b731-94667264e17f,566ce5ef-e393-5648-810a-82c6c891f58b,Hukuman Ringan SP-1,,3,true,true,2026-03-29 03:26:07,2026-03-29 03:26:07
e08e03d6-c544-5fc8-be17-951b5861d775,566ce5ef-e393-5648-810a-82c6c891f58b,Hukuman Sedang SP-2 (Botak),,4,true,true,2026-03-29 03:26:07,2026-03-29 03:26:07
01c73cf1-043d-5eb4-ba5e-6ab8072fc52e,566ce5ef-e393-5648-810a-82c6c891f58b,Hukuman Berat SP-3 (Pemanggilan Orang Tua),,5,true,true,2026-03-29 03:26:07,2026-03-29 03:26:07
3af4135e-0f8a-5596-9b81-e17751b3bc4e,566ce5ef-e393-5648-810a-82c6c891f58b,Lain-lain (1),,6,true,true,2026-03-29 03:26:07,2026-03-29 03:26:07
2278431a-a7a9-5801-8dec-5dccde9e9610,566ce5ef-e393-5648-810a-82c6c891f58b,Lain-lain (2),,7,true,true,2026-03-29 03:26:07,2026-03-29 03:26:07
4bc163a7-ac61-5953-9426-099fc36ce086,6e096b03-37d2-5fff-a185-cf40c86c6347,Catatan Positif 1,,0,false,true,2026-03-29 03:26:07,2026-03-29 03:26:07
a78cf443-399f-5121-b752-d065691eb1c7,6e096b03-37d2-5fff-a185-cf40c86c6347,Catatan Positif 2,,1,false,true,2026-03-29 03:26:07,2026-03-29 03:26:07
baf2d002-2973-50a5-b8eb-7c63e177a7e8,6e096b03-37d2-5fff-a185-cf40c86c6347,Catatan Positif 3,,2,false,true,2026-03-29 03:26:07,2026-03-29 03:26:07
c44bd273-1206-513c-80ae-51beb0c4aa44,6e096b03-37d2-5fff-a185-cf40c86c6347,Catatan Positif 4,,3,false,true,2026-03-29 03:26:07,2026-03-29 03:26:07
26d1f009-0ca1-5102-b5a5-9d6377292d1b,6e096b03-37d2-5fff-a185-cf40c86c6347,Catatan Positif 5,,4,false,true,2026-03-29 03:26:07,2026-03-29 03:26:07
86343a59-b811-5ce2-9680-d83bc762d648,0fcf5406-1bc6-53ae-b5ed-3411eeb7de60,Catatan Negatif 1,,0,false,true,2026-03-29 03:26:07,2026-03-29 03:26:07
852b8ed7-0ab8-5448-bdd9-b24c975ec74f,0fcf5406-1bc6-53ae-b5ed-3411eeb7de60,Catatan Negatif 2,,1,false,true,2026-03-29 03:26:07,2026-03-29 03:26:07
bfcd2c8e-e3cb-5453-ac4e-522502be43cc,0fcf5406-1bc6-53ae-b5ed-3411eeb7de60,Catatan Negatif 3,,2,false,true,2026-03-29 03:26:07,2026-03-29 03:26:07
dc5ade61-07b4-5bf6-919e-1f501ada99a8,0fcf5406-1bc6-53ae-b5ed-3411eeb7de60,Catatan Negatif 4,,3,false,true,2026-03-29 03:26:07,2026-03-29 03:26:07
f99723ec-6e13-58e9-b30d-a6d92267edf5,0fcf5406-1bc6-53ae-b5ed-3411eeb7de60,Catatan Negatif 5,,4,false,true,2026-03-29 03:26:07,2026-03-29 03:26:07
6146d175-8f1e-571f-81f6-4e0d99672b40,4cbceb05-f2e9-5287-a106-20854674707d,Nilai Akhir,,0,false,true,2026-03-29 03:26:07,2026-03-29 03:26:07
02a611d8-ebc5-5e29-9c96-06b55513b12d,4cbceb05-f2e9-5287-a106-20854674707d,Predikat,,1,false,true,2026-03-29 03:26:07,2026-03-29 03:26:07
2af4f9f3-6065-537c-8f45-e6ca86e04476,4cbceb05-f2e9-5287-a106-20854674707d,Deskripsi / Narasi Penilaian Akhir,,2,false,true,2026-03-29 03:26:07,2026-03-29 03:26:07
2ea9d5c2-9ec8-536a-87ba-afd6c56f483b,4cbceb05-f2e9-5287-a106-20854674707d,Nama Pengasuhan,,3,false,true,2026-03-29 03:26:07,2026-03-29 03:26:07
df677322-5166-5fde-a9b4-1c42aeaffdf5,4cbceb05-f2e9-5287-a106-20854674707d,Catatan atau Motivasi Walisantri,,4,false,true,2026-03-29 03:26:07,2026-03-29 03:26:07
